search_source,price,date,day_of_week,week_of_month,airline,depart_time,arrive_time,next_day,hours,minutes,emissions_co2,searched_on,holiday_name,days_to_holiday,record_by
Google Flights,367,11/11/2025,Tue,2,WestJet,22:30,6:08,Yes,4,38,236.0,11/10/2025,Remembrance Day,0.0,Miku
Google Flights,343,11/12/2025,Wed,2,WestJet,17:00,12:38,No,4,38,236.0,nan,nan,1.0,Miku
Google Flights,305,11/13/2025,Thu,2,Flair Airlines,12:55,20:35,No,4,40,217.0,nan,nan,2.0,Miku
Google Flights,235,11/14/2025,Fri,2,Flair Airlines,13:55,21:35,No,4,40,217.0,nan,nan,3.0,Miku
Google Flights,174,11/15/2025,Sat,3,Flair Airlines,12:10,7:50,Yes,4,40,217.0,nan,nan,4.0,Miku
Google Flights,194,11/16/2025,Sun,3,Flair Airlines,13:10,8:50,Yes,4,40,217.0,nan,nan,5.0,Miku
Google Flights,235,11/17/2025,Mon,3,Flair Airlines,12:55,20:35,No,4,40,217.0,nan,nan,6.0,Miku
Google Flights,133,11/18/2025,Tue,3,Flair Airlines,12:10,7:50,Yes,4,40,217.0,nan,nan,7.0,Miku
Google Flights,194,11/19/2025,Wed,3,Flair Airlines,12:55,20:35,No,4,40,217.0,nan,nan,8.0,Miku
Google Flights,174,11/20/2025,Thu,3,Flair Airlines,12:55,20:35,No,4,40,217.0,nan,nan,9.0,Miku
Google Flights,154,11/21/2025,Fri,3,Flair Airlines,22:55,6:40,Yes,4,45,217.0,nan,nan,10.0,Miku
Google Flights,112,11/22/2025,Sat,4,Flair Airlines,22:55,6:40,Yes,4,45,217.0,nan,nan,,Miku
Google Flights,133,11/23/2025,Sun,4,Flair Airlines,22:55,6:40,Yes,4,45,217.0,nan,nan,,Miku
Google Flights,139,11/24/2025,Mon,4,Flair Airlines,6:00,13:40,No,4,40,270.0,nan,nan,,Miku
Google Flights,92,11/25/2025,Tue,4,Flair Airlines,12:10,7:50,Yes,4,40,217.0,nan,nan,,Miku
Google Flights,133,11/26/2025,Wed,4,Flair Airlines,22:55,6:40,Yes,4,45,217.0,nan,nan,,Miku
Google Flights,92,11/27/2025,Thu,4,Flair Airlines,22:55,6:40,Yes,4,45,217.0,nan,nan,,Miku
Google Flights,133,11/28/2025,Fri,4,Flair Airlines,12:10,7:50,Yes,4,40,217.0,nan,nan,,Miku
Google Flights,92,11/29/2025,Sat,5,Flair Airlines,12:10,7:50,Yes,4,40,217.0,nan,nan,,Miku
Google Flights,91,11/30/2025,Sun,5,Flair Airlines,12:10,7:50,Yes,4,40,217.0,nan,nan,,Miku
Google Flights,91,12/1/2025,Mon,1,Flair Airlines,12:10,7:50,Yes,4,40,217.0,nan,nan,,Miku
Google Flights,92,12/2/2025,Tue,1,Flair Airlines,12:55,20:35,No,4,40,217.0,nan,nan,,Miku
Google Flights,91,12/3/2025,Wed,1,Flair Airlines,12:55,20:35,No,4,40,217.0,nan,nan,,Miku
Google Flights,92,12/4/2025,Thu,1,Flair Airlines,12:55,20:35,No,4,40,217.0,nan,nan,,Miku
Google Flights,92,12/5/2025,Fri,1,Flair Airlines,12:10,7:50,Yes,4,40,217.0,nan,nan,,Miku
Google Flights,91,12/6/2025,Sat,2,Flair Airlines,22:55,6:40,Yes,4,45,217.0,nan,nan,,Miku
Google Flights,107,12/7/2025,Sun,2,WestJet,6:00,13:40,No,4,40,324.0,nan,nan,,Miku
Google Flights,106,12/8/2025,Mon,2,WestJet,7:00,14:40,No,4,40,270.0,nan,nan,,Miku
Google Flights,107,12/9/2025,Tue,2,WestJet,6:00,13:40,No,4,40,236.0,nan,nan,,Miku
Google Flights,106,12/10/2025,Wed,2,WestJet,7:00,14:40,No,4,40,270.0,nan,nan,,Miku
Google Flights,107,12/11/2025,Thu,2,WestJet,6:00,13:40,No,4,40,236.0,nan,nan,,Miku
Google Flights,107,12/12/2025,Fri,2,WestJet,6:00,13:40,No,4,40,270.0,nan,nan,,Miku
Google Flights,106,12/13/2025,Sat,3,WestJet,17:00,12:38,No,4,38,324.0,nan,nan,,Miku
Google Flights,92,12/14/2025,Sun,3,Flair Airlines,22:55,6:40,Yes,4,45,217.0,nan,nan,,Miku
Google Flights,92,12/15/2025,Mon,3,Flair Airlines,12:55,20:35,No,4,40,217.0,nan,nan,-10.0,Miku
Google Flights,137,12/16/2025,Tue,3,WestJet,6:00,13:40,No,4,40,236.0,nan,nan,-9.0,Miku
Google Flights,215,12/17/2025,Wed,3,Flair Airlines,12:55,20:35,No,4,40,217.0,nan,nan,-8.0,Miku
Google Flights,270,12/18/2025,Thu,3,Flair Airlines,13:55,21:35,No,4,40,217.0,nan,nan,-7.0,Miku
Google Flights,377,12/19/2025,Fri,3,Flair Airlines,12:10,7:50,No,4,40,217.0,nan,nan,-6.0,Miku
Google Flights,407,12/20/2025,Sat,4,WestJet,6:00,13:40,No,4,40,270.0,nan,nan,-5.0,Miku
Google Flights,337,12/21/2025,Sun,4,WestJet,22:30,6:08,No,4,38,270.0,nan,nan,-4.0,Miku
Google Flights,345,12/22/2025,Mon,4,Flair Airlines,22:55,6:40,No,4,45,217.0,nan,nan,-3.0,Miku
Google Flights,250,12/23/2025,Tue,4,Flair Airlines,23:55,7:40,No,4,45,217.0,nan,nan,-2.0,Miku
Google Flights,195,12/24/2025,Wed,4,Porter Airlines/Air Transat,16:20,23:54,No,4,34,310.0,nan,nan,-1.0,Miku
Google Flights,138,12/25/2025,Thu,4,Porter Airlines/Air Transat,14:40,22:14,No,4,34,310.0,nan,Christmas Day,0.0,Miku
Google Flights,187,12/26/2025,Fri,4,WestJet,6:00,13:40,No,4,40,236.0,nan,nan,1.0,Miku
Google Flights,204,12/27/2025,Sat,5,Flair Airlines,22:55,6:40,No,4,45,217.0,nan,nan,2.0,Miku
Google Flights,240,12/28/2025,Sun,5,WestJet,22:30,6:08,No,4,38,236.0,nan,nan,3.0,Miku
Google Flights,250,12/29/2025,Mon,5,Flair Airlines,22:55,6:40,No,4,45,217.0,nan,nan,4.0,Miku
Google Flights,230,12/30/2025,Tue,5,Flair Airlines,12:55,20:35,No,4,40,217.0,nan,nan,5.0,Miku
Google Flights,187,12/31/2025,Wed,5,WestJet,22:30,6:08,No,4,38,217.0,nan,nan,6.0,Miku
Google Flights,345,1/1/2026,Thu,1,Flair Airlines,0:10,7:50,No,4,40,217.0,11/8/2025,New Year's Day,0.0,Jae
Google Flights,377,1/2/2026,Fri,1,Flair Airlines,0:10,7:50,No,4,40,217.0,11/8/2025,nan,1.0,Jae
Google Flights,507,1/3/2026,Sat,1,Flair Airlines,0:10,7:50,No,4,40,217.0,11/10/2025,nan,2.0,Jae
Google Flights,383,1/4/2026,Sun,2,WestJet,22:30,6:08,Yes,4,38,383.0,11/10/2025,nan,3.0,Jae
Google Flights,279,1/5/2026,Mon,2,Porter Airlines/Air Transat,22:05,5:37,Yes,4,32,279.0,11/10/2025,nan,4.0,Jae
Google Flights,133,1/6/2026,Tue,2,Flair Airlines,0:10,7:50,No,4,40,217.0,11/10/2025,nan,5.0,Jae
Google Flights,113,1/7/2026,Wed,2,Flair Airlines,22:55,6:40,Yes,4,45,217.0,11/10/2025,nan,6.0,Jae
Google Flights,102,1/8/2026,Thu,2,WestJet,6:00,13:40,No,4,40,236.0,11/10/2025,nan,7.0,Jae
Google Flights,93,1/9/2026,Fri,2,Flair Airlines,0:10,7:50,No,4,40,217.0,11/10/2025,nan,8.0,Jae
Google Flights,93,1/10/2026,Sat,2,Flair Airlines,0:10,7:50,No,4,40,217.0,11/10/2025,nan,9.0,Jae
Google Flights,93,1/11/2026,Sun,3,Flair Airlines,0:10,7:50,No,4,40,217.0,11/10/2025,nan,10.0,Jae
Google Flights,93,1/12/2026,Mon,3,Flair Airlines,0:10,7:50,No,4,40,217.0,11/10/2025,nan,,Jae
Google Flights,93,1/13/2026,Tue,3,Flair Airlines,12:55,20:35,No,4,40,217.0,11/10/2025,nan,,Jae
Google Flights,93,1/14/2026,Wed,3,Flair Airlines,12:55,20:35,No,4,40,217.0,11/10/2025,nan,,Jae
Google Flights,93,1/15/2026,Thu,3,Flair Airlines,22:55,6:40,Yes,4,45,217.0,11/10/2025,nan,,Jae
Google Flights,93,1/16/2026,Fri,3,Flair Airlines,0:10,7:50,No,4,40,217.0,11/10/2025,nan,,Jae
Google Flights,93,1/17/2026,Sat,3,Flair Airlines,0:10,7:50,No,4,40,217.0,11/10/2025,nan,,Jae
Google Flights,93,1/18/2026,Sun,4,Flair Airlines,0:10,7:50,No,4,40,217.0,11/10/2025,nan,,Jae
Google Flights,93,1/19/2026,Mon,4,Flair Airlines,0:10,7:50,No,4,40,217.0,11/10/2025,nan,,Jae
Google Flights,93,1/20/2026,Tue,4,Flair Airlines,12:55,20:35,No,4,40,217.0,11/10/2025,nan,,Jae
Google Flights,93,1/21/2026,Wed,4,Flair Airlines,12:55,20:35,No,4,40,217.0,11/10/2025,nan,,Jae
Google Flights,93,1/22/2026,Thu,4,Flair Airlines,22:55,6:40,Yes,4,45,217.0,11/10/2025,nan,,Jae
Google Flights,93,1/23/2026,Fri,4,Flair Airlines,0:10,7:50,No,4,40,217.0,11/10/2025,nan,,Jae
Google Flights,93,1/24/2026,Sat,4,Flair Airlines,0:10,7:50,No,4,40,217.0,11/10/2025,nan,,Jae
Google Flights,93,1/25/2026,Sun,5,Flair Airlines,0:10,7:50,No,4,40,217.0,11/10/2025,nan,,Jae
Google Flights,93,1/26/2026,Mon,5,Flair Airlines,0:10,7:50,No,4,40,217.0,11/10/2025,nan,,Jae
Google Flights,93,1/27/2026,Tue,5,Flair Airlines,12:55,20:35,No,4,40,217.0,11/10/2025,nan,,Jae
Google Flights,93,1/28/2026,Wed,5,Flair Airlines,12:55,20:35,No,4,40,217.0,11/10/2025,nan,,Jae
Google Flights,93,1/29/2026,Thu,5,Flair Airlines,22:55,6:40,Yes,4,45,217.0,11/10/2025,nan,,Jae
Google Flights,93,1/30/2026,Fri,5,Flair Airlines,0:10,7:50,No,4,40,217.0,11/10/2025,nan,,Jae
Google Flights,93,1/31/2026,Sat,5,Flair Airlines,0:10,7:50,No,4,40,217.0,11/10/2025,nan,,Jae
Google Flights,93,2/1/2026,Sun,1,Flair Airlines,0:10,7:50,No,4,40,217.0,11/10/2025,nan,,Jae
Google Flights,93,2/2/2026,Mon,1,Flair Airlines,0:10,7:50,No,4,40,217.0,11/10/2025,nan,,Jae
Google Flights,93,2/3/2026,Tue,1,Flair Airlines,12:55,20:35,No,4,40,217.0,11/10/2025,nan,,Jae
Google Flights,93,2/4/2026,Wed,1,Flair Airlines,12:55,20:35,No,4,40,217.0,11/10/2025,nan,,Jae
Google Flights,93,2/5/2026,Thu,1,Flair Airlines,22:55,6:40,Yes,4,45,217.0,11/10/2025,nan,,Jae
Google Flights,93,2/6/2026,Fri,1,Flair Airlines,0:10,7:50,No,4,40,217.0,11/10/2025,nan,-10.0,Jae
Google Flights,93,2/7/2026,Sat,1,Flair Airlines,0:10,7:50,No,4,40,217.0,11/10/2025,nan,-9.0,Jae
Google Flights,93,2/8/2026,Sun,2,Flair Airlines,0:10,7:50,No,4,40,217.0,11/10/2025,nan,-8.0,Jae
Google Flights,93,2/9/2026,Mon,2,Flair Airlines,0:10,7:50,No,4,40,217.0,11/10/2025,nan,-7.0,Jae
Google Flights,93,2/10/2026,Tue,2,Flair Airlines,12:55,20:35,No,4,40,217.0,11/10/2025,nan,-6.0,Jae
Google Flights,93,2/11/2026,Wed,2,Flair Airlines,12:55,20:35,No,4,40,217.0,11/10/2025,nan,-5.0,Jae
Google Flights,133,2/12/2026,Thu,2,Flair Airlines,22:55,6:40,Yes,4,45,217.0,11/10/2025,nan,-4.0,Jae
Google Flights,133,2/13/2026,Fri,2,Flair Airlines,22:55,6:40,Yes,4,45,217.0,11/10/2025,nan,-3.0,Jae
Google Flights,133,2/14/2026,Sat,2,Flair Airlines,22:55,6:40,Yes,4,45,217.0,11/10/2025,nan,-2.0,Jae
Google Flights,113,2/15/2026,Sun,3,Flair Airlines,0:10,7:50,No,4,40,217.0,11/10/2025,nan,-1.0,Jae
Google Flights,113,2/16/2026,Mon,3,Flair Airlines,22:55,6:40,Yes,4,45,217.0,11/10/2025,Family Day,0.0,Jae
Google Flights,113,2/17/2026,Tue,3,Flair Airlines,0:10,7:50,No,4,40,217.0,11/10/2025,nan,1.0,Jae
Google Flights,113,2/18/2026,Wed,3,Flair Airlines,0:10,7:50,No,4,40,217.0,11/10/2025,nan,2.0,Jae
Google Flights,113,2/19/2026,Thu,3,Flair Airlines,0:10,7:50,No,4,40,217.0,11/10/2025,nan,3.0,Jae
Google Flights,113,2/20/2026,Fri,3,Flair Airlines,0:10,7:50,No,4,40,217.0,11/10/2025,nan,4.0,Jae
Google Flights,133,2/21/2026,Sat,3,Flair Airlines,0:10,7:50,No,4,40,217.0,11/10/2025,nan,5.0,Jae
Google Flights,113,2/22/2026,Sun,4,Flair Airlines,22:55,6:40,Yes,4,45,217.0,11/10/2025,nan,6.0,Jae
Google Flights,113,2/23/2026,Mon,4,Flair Airlines,0:10,7:50,No,4,40,217.0,11/10/2025,nan,7.0,Jae
Google Flights,113,2/24/2026,Tue,4,Flair Airlines,0:10,7:50,No,4,40,217.0,11/10/2025,nan,8.0,Jae
Google Flights,113,2/25/2026,Wed,4,Flair Airlines,0:10,7:50,No,4,40,217.0,11/10/2025,nan,9.0,Jae
Google Flights,113,2/26/2026,Thu,4,Flair Airlines,0:10,7:50,No,4,40,217.0,11/10/2025,nan,10.0,Jae
Google Flights,113,2/27/2026,Fri,4,Flair Airlines,0:10,7:50,No,4,40,217.0,11/10/2025,nan,,Jae
Google Flights,113,2/28/2026,Sat,4,Flair Airlines,0:10,7:50,No,4,40,217.0,11/10/2025,nan,,Jae
Google Flights,92,3/1/2026,Sun,1,Flair Airlines,0:10,7:50,No,4,40,217.0,11/10/2025,nan,,Jae
Google Flights,92,3/2/2026,Mon,1,Flair Airlines,22:55,6:40,Yes,4,45,217.0,11/10/2025,nan,,Jae
Google Flights,93,3/3/2026,Tue,1,Flair Airlines,0:10,7:50,No,4,40,217.0,11/10/2025,nan,,Jae
Google Flights,93,3/4/2026,Wed,1,Flair Airlines,22:55,6:40,Yes,4,45,217.0,11/10/2025,nan,,Jae
Google Flights,91,3/5/2026,Thu,1,Flair Airlines,0:10,7:50,No,4,40,217.0,11/10/2025,nan,,Jae
Google Flights,113,3/6/2026,Fri,1,Flair Airlines,0:10,7:50,No,4,40,217.0,11/10/2025,nan,,Jae
Google Flights,113,3/7/2026,Sat,1,Flair Airlines,0:10,7:50,No,4,40,217.0,11/10/2025,nan,,Jae
Google Flights,113,3/8/2026,Sun,2,Flair Airlines,0:10,8:50,No,4,40,217.0,11/10/2025,nan,,Jae
Google Flights,113,3/9/2026,Mon,2,Flair Airlines,0:10,7:50,No,4,40,217.0,11/10/2025,nan,,Jae
Google Flights,93,3/10/2026,Tue,2,Flair Airlines,0:10,7:50,No,4,40,217.0,11/10/2025,nan,,Jae
Google Flights,93,3/11/2026,Wed,2,Flair Airlines,0:10,7:50,No,4,40,217.0,11/10/2025,nan,,Jae
Google Flights,113,3/12/2026,Thu,2,Flair Airlines,0:10,7:50,No,4,40,217.0,11/10/2025,nan,,Jae
Google Flights,113,3/13/2026,Fri,2,Flair Airlines,0:10,7:50,No,4,40,217.0,11/10/2025,nan,,Jae
Google Flights,113,3/14/2026,Sat,2,Flair Airlines,22:55,6:40,Yes,4,45,217.0,11/10/2025,nan,,Jae
Google Flights,113,3/15/2026,Sun,3,Flair Airlines,22:55,6:40,Yes,4,45,217.0,11/10/2025,nan,,Jae
Google Flights,133,3/16/2026,Mon,3,Flair Airlines,0:10,7:50,No,4,40,217.0,11/10/2025,nan,,Jae
Google Flights,113,3/17/2026,Tue,3,Flair Airlines,0:10,7:50,No,4,40,217.0,11/10/2025,nan,,Jae
Google Flights,113,3/18/2026,Wed,3,Flair Airlines,0:10,7:50,No,4,40,217.0,11/10/2025,nan,,Jae
Google Flights,133,3/19/2026,Thu,3,Flair Airlines,0:10,7:50,No,4,40,217.0,11/10/2025,nan,,Jae
Google Flights,194,3/20/2026,Fri,3,Flair Airlines,0:10,7:50,No,4,40,217.0,11/10/2025,nan,,Jae
Google Flights,235,3/21/2026,Sat,3,Flair Airlines,0:10,7:50,No,4,40,217.0,11/10/2025,nan,,Jae
Google Flights,215,3/22/2026,Sun,4,Flair Airlines,22:55,6:40,Yes,4,45,217.0,11/10/2025,nan,,Jae
Google Flights,133,3/23/2026,Mon,4,Flair Airlines,0:10,7:50,No,4,40,217.0,11/10/2025,nan,,Jae
Google Flights,113,3/24/2026,Tue,4,Flair Airlines,0:10,7:50,No,4,40,217.0,11/10/2025,nan,-10.0,Jae
Google Flights,93,3/25/2026,Wed,4,Flair Airlines,0:10,7:50,No,4,40,217.0,11/10/2025,nan,-9.0,Jae
Google Flights,113,3/26/2026,Thu,4,Flair Airlines,0:10,7:50,No,4,40,217.0,11/10/2025,nan,-8.0,Jae
Google Flights,93,3/27/2026,Fri,4,Flair Airlines,0:10,7:50,No,4,40,217.0,11/10/2025,nan,-7.0,Jae
Google Flights,113,3/28/2026,Sat,4,Flair Airlines,22:55,6:40,Yes,4,45,217.0,11/10/2025,nan,-6.0,Jae
Google Flights,113,3/29/2026,Sun,5,Flair Airlines,0:10,7:50,No,4,40,217.0,11/10/2025,nan,-5.0,Jae
Google Flights,117,3/30/2026,Mon,5,Porter Airlines/Air Transat,7:00,14:32,No,4,32,310.0,11/10/2025,nan,-4.0,Jae
Google Flights,113,3/31/2026,Tue,5,WestJet,6:00,13:40,No,4,40,236.0,11/10/2025,nan,-3.0,Jae
Google Flights,113,4/1/2026,Wed,1,Flair Airlines,22:55,6:40,Yes,4,45,217.0,11/10/2025,nan,-2.0,Jae
Google Flights,113,4/2/2026,Thu,1,Flair Airlines,0:10,7:50,No,4,40,217.0,11/10/2025,nan,-1.0,Jae
Google Flights,93,4/3/2026,Fri,1,Flair Airlines,22:55,6:40,Yes,4,45,217.0,11/10/2025,Good Friday,0.0,Jae
Google Flights,93,4/4/2026,Sat,1,Flair Airlines,0:10,7:50,No,4,40,217.0,11/10/2025,nan,1.0,Jae
Google Flights,93,4/5/2026,Sun,2,Flair Airlines,0:10,7:50,No,4,40,217.0,11/10/2025,nan,-1.0,Jae
Google Flights,113,4/6/2026,Mon,2,Flair Airlines,22:55,6:40,Yes,4,45,217.0,11/10/2025,Easter Monday,0.0,Jae
Google Flights,113,4/7/2026,Tue,2,Flair Airlines,0:10,7:50,No,4,40,217.0,11/10/2025,nan,1.0,Jae
Google Flights,113,4/8/2026,Wed,2,Flair Airlines,0:10,7:50,No,4,40,217.0,11/10/2025,nan,2.0,Jae
Google Flights,93,4/9/2026,Thu,2,Flair Airlines,12:55,20:35,No,4,40,217.0,11/10/2025,nan,3.0,Jae
Google Flights,113,4/10/2026,Fri,2,Flair Airlines,12:55,20:35,No,4,40,217.0,11/10/2025,nan,4.0,Jae
Google Flights,117,4/11/2026,Sat,2,Porter Airlines/Air Transat,7:00,14:32,No,4,32,310.0,11/10/2025,nan,5.0,Jae
Google Flights,93,4/12/2026,Sun,3,Flair Airlines,0:10,7:50,No,4,40,217.0,11/10/2025,nan,6.0,Jae
Google Flights,93,4/13/2026,Mon,3,Flair Airlines,0:10,7:50,No,4,40,217.0,11/10/2025,nan,7.0,Jae
Google Flights,93,4/14/2026,Tue,3,Flair Airlines,0:10,7:50,No,4,40,217.0,11/10/2025,nan,8.0,Jae
Google Flights,93,4/15/2026,Wed,3,Flair Airlines,0:10,7:50,No,4,40,217.0,11/10/2025,nan,9.0,Jae
Google Flights,93,4/16/2026,Thu,3,Flair Airlines,0:10,7:50,No,4,40,217.0,11/10/2025,nan,10.0,Jae
Google Flights,93,4/17/2026,Fri,3,Flair Airlines,12:50,20:30,No,4,40,217.0,11/10/2025,nan,,Jae
Google Flights,93,4/18/2026,Sat,3,Flair Airlines,0:10,7:50,No,4,40,217.0,11/10/2025,nan,,Jae
Google Flights,93,4/19/2026,Sun,4,Flair Airlines,12:50,20:30,No,4,40,217.0,11/10/2025,nan,,Jae
Google Flights,93,4/20/2026,Mon,4,Flair Airlines,0:10,7:50,No,4,40,217.0,11/10/2025,nan,,Jae
Google Flights,93,4/21/2026,Tue,4,Flair Airlines,0:10,7:50,No,4,40,217.0,11/10/2025,nan,,Jae
Google Flights,93,4/22/2026,Wed,4,Flair Airlines,16:50,0:25,Yes,4,35,217.0,11/10/2025,nan,,Jae
Google Flights,93,4/23/2026,Thu,4,Flair Airlines,0:10,7:50,No,4,40,217.0,11/10/2025,nan,,Jae
Google Flights,93,4/24/2026,Fri,4,Flair Airlines,12:50,20:30,No,4,40,217.0,11/10/2025,nan,,Jae
Google Flights,93,4/25/2026,Sat,4,Flair Airlines,0:10,7:50,No,4,40,217.0,11/10/2025,nan,,Jae
Google Flights,133,4/26/2026,Sun,5,Flair Airlines,22:45,6:25,Yes,4,40,217.0,11/10/2025,nan,,Jae
Google Flights,113,4/27/2026,Mon,5,Flair Airlines,0:10,7:50,No,4,40,217.0,11/10/2025,nan,,Jae
Google Flights,93,4/28/2026,Tue,5,Flair Airlines,0:10,7:50,No,4,40,217.0,11/10/2025,nan,,Jae
Google Flights,154,4/29/2026,Wed,5,Flair Airlines,12:50,20:30,No,4,40,217.0,11/10/2025,nan,,Jae
Google Flights,133,4/30/2026,Thu,5,Flair Airlines,0:10,7:50,No,4,40,217.0,11/10/2025,nan,,Jae
Google Flights,154,5/1/2026,Fri,1,Flair Airlines,12:50,20:30,No,4,40,217.0,11/10/2025,nan,,Kate
Google Flights,154,5/2/2026,Sat,1,Flair Airlines,0:10,7:50,No,4,40,217.0,11/10/2025,nan,,Kate
Google Flights,154,5/3/2026,Sun,2,Flair Airlines,16:50,0:25,Yes,4,35,217.0,11/10/2025,nan,,Kate
Google Flights,154,5/4/2026,Mon,2,Flair Airlines,0:10,7:50,No,4,40,217.0,11/10/2025,nan,,Kate
Google Flights,154,5/5/2026,Tue,2,Flair Airlines,0:10,7:50,No,4,40,217.0,11/10/2025,nan,,Kate
Google Flights,154,5/6/2026,Wed,2,Flair Airlines,16:50,0:25,Yes,4,35,217.0,11/10/2025,nan,,Kate
Google Flights,133,5/7/2026,Thu,2,Flair Airlines,11:15,18:55,No,4,40,217.0,11/10/2025,nan,,Kate
Google Flights,154,5/8/2026,Fri,2,Flair Airlines,22:45,6:25,Yes,4,40,217.0,11/10/2025,nan,-10.0,Kate
Google Flights,154,5/9/2026,Sat,2,Flair Airlines,0:10,7:50,No,4,40,217.0,11/10/2025,nan,-9.0,Kate
Google Flights,154,5/10/2026,Sun,3,Flair Airlines,22:45,6:25,Yes,4,40,217.0,11/10/2025,nan,-8.0,Kate
Google Flights,154,5/11/2026,Mon,3,Flair Airlines,0:10,7:50,No,4,40,217.0,11/10/2025,nan,-7.0,Kate
Google Flights,133,5/12/2026,Tue,3,Flair Airlines,11:15,18:55,No,4,40,217.0,11/10/2025,nan,-6.0,Kate
Google Flights,154,5/13/2026,Wed,3,Flair Airlines,12:50,20:30,No,4,40,217.0,11/10/2025,nan,-5.0,Kate
Google Flights,133,5/14/2026,Thu,3,Flair Airlines,11:15,18:55,No,4,40,217.0,11/10/2025,nan,-4.0,Kate
Google Flights,154,5/15/2026,Fri,3,Flair Airlines,12:50,20:30,No,4,40,217.0,11/10/2025,nan,-3.0,Kate
Google Flights,154,5/16/2026,Sat,3,Flair Airlines,0:10,7:50,No,4,40,217.0,11/10/2025,nan,-2.0,Kate
Google Flights,194,5/17/2026,Sun,4,Flair Airlines,16:50,0:25,Yes,4,35,217.0,11/10/2025,nan,-1.0,Kate
Google Flights,154,5/18/2026,Mon,4,Flair Airlines,0:10,7:50,No,4,40,217.0,11/10/2025,Victoria Day,0.0,Kate
Google Flights,133,5/19/2026,Tue,4,Flair Airlines,11:15,18:55,No,4,40,217.0,11/10/2025,nan,1.0,Kate
Google Flights,154,5/20/2026,Wed,4,Flair Airlines,12:50,20:30,No,4,40,217.0,11/10/2025,nan,2.0,Kate
Google Flights,133,5/21/2026,Thu,4,Flair Airlines,11:15,18:55,No,4,40,217.0,11/10/2025,nan,3.0,Kate
Google Flights,154,5/22/2026,Fri,4,Flair Airlines,12:50,20:30,No,4,40,217.0,11/10/2025,nan,4.0,Kate
Google Flights,133,5/23/2026,Sat,4,Flair Airlines,11:15,18:55,No,4,40,217.0,11/10/2025,nan,5.0,Kate
Google Flights,154,5/24/2026,Sun,5,Flair Airlines,16:50,0:25,Yes,4,35,217.0,11/10/2025,nan,6.0,Kate
Google Flights,154,5/25/2026,Mon,5,Flair Airlines,12:50,20:30,No,4,40,217.0,11/10/2025,nan,7.0,Kate
Google Flights,133,5/26/2026,Tue,5,Flair Airlines,0:10,7:50,No,4,40,217.0,11/10/2025,nan,8.0,Kate
Google Flights,133,5/27/2026,Wed,5,Flair Airlines,12:50,20:30,No,4,40,217.0,11/10/2025,nan,9.0,Kate
Google Flights,133,5/28/2026,Thu,5,Flair Airlines,11:15,18:55,No,4,40,217.0,11/10/2025,nan,10.0,Kate
Google Flights,133,5/29/2026,Fri,5,Flair Airlines,12:50,20:30,No,4,40,217.0,11/10/2025,nan,,Kate
Google Flights,133,5/30/2026,Sat,5,Flair Airlines,11:15,18:55,No,4,40,217.0,11/10/2025,nan,,Kate
Google Flights,154,5/31/2026,Sun,6,Flair Airlines,22:45,6:25,Yes,4,40,217.0,11/10/2025,nan,,Kate
Google Flights,133,6/1/2026,Mon,1,Flair Airlines,0:10,7:50,No,4,40,217.0,11/10/2025,nan,,Kate
Google Flights,133,6/2/2026,Tue,1,Flair Airlines,0:10,7:50,No,4,40,217.0,11/10/2025,nan,,Kate
Google Flights,133,6/3/2026,Wed,1,Flair Airlines,12:50,20:30,No,4,40,217.0,11/10/2025,nan,,Kate
Google Flights,113,6/4/2026,Thu,1,Flair Airlines,11:15,18:55,No,4,40,217.0,11/10/2025,nan,,Kate
Google Flights,133,6/5/2026,Fri,1,Flair Airlines,12:50,20:30,No,4,40,217.0,11/10/2025,nan,,Kate
Google Flights,113,6/6/2026,Sat,1,Flair Airlines,11:15,18:55,No,4,40,217.0,11/10/2025,nan,,Kate
Google Flights,133,6/7/2026,Sun,2,Flair Airlines,16:50,0:25,Yes,4,35,217.0,11/10/2025,nan,,Kate
Google Flights,133,6/8/2026,Mon,2,Flair Airlines,0:10,7:50,No,4,40,217.0,11/10/2025,nan,,Kate
Google Flights,133,6/9/2026,Tue,2,Flair Airlines,0:10,7:50,No,4,40,217.0,11/10/2025,nan,,Kate
Google Flights,133,6/10/2026,Wed,2,Flair Airlines,12:50,20:30,No,4,40,217.0,11/10/2025,nan,,Kate
Google Flights,133,6/11/2026,Thu,2,Flair Airlines,0:10,7:50,No,4,40,217.0,11/10/2025,nan,,Kate
Google Flights,133,6/12/2026,Fri,2,Flair Airlines,12:50,20:30,No,4,40,217.0,11/10/2025,nan,,Kate
Google Flights,113,6/13/2026,Sat,2,Flair Airlines,11:15,18:55,No,4,40,217.0,11/10/2025,nan,,Kate
Google Flights,133,6/14/2026,Sun,3,Flair Airlines,16:50,0:25,Yes,4,35,217.0,11/10/2025,nan,,Kate
Google Flights,133,6/15/2026,Mon,3,Flair Airlines,0:10,7:50,No,4,40,217.0,11/10/2025,nan,,Kate
Google Flights,133,6/16/2026,Tue,3,Flair Airlines,0:10,7:50,No,4,40,217.0,11/10/2025,nan,,Kate
Google Flights,133,6/17/2026,Wed,3,Flair Airlines,12:50,20:30,No,4,40,217.0,11/10/2025,nan,,Kate
Google Flights,133,6/18/2026,Thu,3,Flair Airlines,0:10,7:50,No,4,40,217.0,11/10/2025,nan,,Kate
Google Flights,154,6/19/2026,Fri,3,Flair Airlines,16:50,0:25,Yes,4,35,217.0,11/10/2025,nan,,Kate
Google Flights,154,6/20/2026,Sat,3,Flair Airlines,11:15,18:55,No,4,40,217.0,11/10/2025,nan,,Kate
Google Flights,113,6/21/2026,Sun,4,Flair Airlines,16:50,0:25,Yes,4,35,217.0,11/10/2025,nan,-10.0,Kate
Google Flights,113,6/22/2026,Mon,4,Flair Airlines,16:50,0:25,Yes,4,35,217.0,11/10/2025,nan,-9.0,Kate
Google Flights,113,6/23/2026,Tue,4,Flair Airlines,11:15,18:55,No,4,40,217.0,11/10/2025,nan,-8.0,Kate
Google Flights,113,6/24/2026,Wed,4,Flair Airlines,16:50,0:25,Yes,4,35,217.0,11/10/2025,nan,-7.0,Kate
Google Flights,194,6/25/2026,Thu,4,Flair Airlines,0:10,7:50,No,4,40,217.0,11/10/2025,nan,-6.0,Kate
Google Flights,255,6/26/2026,Fri,4,Flair Airlines,12:50,20:30,No,4,40,217.0,11/10/2025,nan,-5.0,Kate
Google Flights,215,6/27/2026,Sat,4,Flair Airlines,12:50,20:30,No,4,40,217.0,11/10/2025,nan,-4.0,Kate
Google Flights,235,6/28/2026,Sun,5,Flair Airlines,16:50,0:25,Yes,4,35,217.0,11/10/2025,nan,-3.0,Kate
Google Flights,133,6/29/2026,Mon,5,Flair Airlines,0:10,7:50,No,4,40,217.0,11/10/2025,nan,-2.0,Kate
Google Flights,133,6/30/2026,Tue,5,Flair Airlines,0:10,7:50,No,4,40,217.0,11/10/2025,nan,-1.0,Kate
Google Flights,215,7/1/2026,Wed,1,Flair Airlines,16:50,0:25,Yes,4,35,217.0,11/10/2025,Canada Day,0.0,Kate
Google Flights,154,7/2/2026,Thu,1,Flair Airlines,11:15,18:55,No,4,40,217.0,11/10/2025,nan,1.0,Kate
Google Flights,194,7/3/2026,Fri,1,Flair Airlines,20:45,6:25,Yes,4,40,217.0,11/10/2025,nan,2.0,Kate
Google Flights,174,7/4/2026,Sat,1,Flair Airlines,11:15,18:55,No,4,40,217.0,11/10/2025,nan,3.0,Kate
Google Flights,174,7/5/2026,Sun,2,Flair Airlines,20:45,6:25,Yes,4,40,217.0,11/10/2025,nan,4.0,Kate
Google Flights,174,7/6/2026,Mon,2,Flair Airlines,0:10,7:50,No,4,40,217.0,11/10/2025,nan,5.0,Kate
Google Flights,133,7/7/2026,Tue,2,Flair Airlines,0:10,7:50,No,4,40,217.0,11/10/2025,nan,6.0,Kate
Google Flights,174,7/8/2026,Wed,2,Flair Airlines,16:50,0:25,Yes,4,35,217.0,11/10/2025,nan,7.0,Kate
Google Flights,174,7/9/2026,Thu,2,Flair Airlines,11:15,18:55,No,4,40,217.0,11/10/2025,nan,8.0,Kate
Google Flights,174,7/10/2026,Fri,2,Flair Airlines,16:50,0:25,Yes,4,35,217.0,11/10/2025,nan,9.0,Kate
Google Flights,174,7/11/2026,Sat,2,Flair Airlines,0:10,7:50,No,4,40,217.0,11/10/2025,nan,10.0,Kate
Google Flights,174,7/12/2026,Sun,3,Flair Airlines,16:50,0:25,Yes,4,40,217.0,11/10/2025,nan,,Kate
Google Flights,174,7/13/2026,Mon,3,Flair Airlines,16:50,0:25,Yes,4,35,217.0,11/10/2025,nan,,Kate
Google Flights,113,7/14/2026,Tue,3,Flair Airlines,0:10,7:50,No,4,40,217.0,11/10/2025,nan,,Kate
Google Flights,113,7/15/2026,Wed,3,Flair Airlines,16:50,0:25,Yes,4,35,217.0,11/10/2025,nan,,Kate
Google Flights,154,7/16/2026,Thu,3,Flair Airlines,11:15,16:55,No,4,40,217.0,11/10/2025,nan,,Kate
Google Flights,174,7/17/2026,Fri,3,Flair Airlines,16:50,0:25,Yes,4,35,217.0,11/10/2025,nan,,Kate
Google Flights,174,7/18/2026,Sat,3,Flair Airlines,0:10,7:50,No,4,40,217.0,11/10/2025,nan,,Kate
Google Flights,174,7/19/2026,Sun,4,Flair Airlines,16:50,0:25,Yes,4,35,217.0,11/10/2025,nan,,Kate
Google Flights,174,7/20/2026,Mon,4,Flair Airlines,0:10,7:50,No,4,40,217.0,11/10/2025,nan,,Kate
Google Flights,133,7/21/2026,Tue,4,Flair Airlines,0:10,7:50,No,4,40,217.0,11/10/2025,nan,,Kate
Google Flights,133,7/22/2026,Wed,4,Flair Airlines,16:50,0:25,Yes,4,35,217.0,11/10/2025,nan,,Kate
Google Flights,174,7/23/2026,Thu,4,Flair Airlines,0:10,7:50,No,4,40,217.0,11/10/2025,nan,,Kate
Google Flights,174,7/24/2026,Fri,4,Flair Airlines,16:50,0:25,Yes,4,35,217.0,11/10/2025,nan,-10.0,Kate
Google Flights,174,7/25/2026,Sat,4,Flair Airlines,0:10,7:50,No,4,40,217.0,11/10/2025,nan,-9.0,Kate
Google Flights,174,7/26/2026,Sun,5,Flair Airlines,16:50,0:25,Yes,4,35,217.0,11/10/2025,nan,-8.0,Kate
Google Flights,174,7/27/2026,Mon,5,Flair Airlines,0:10,7:50,No,4,40,217.0,11/10/2025,nan,-7.0,Kate
Google Flights,133,7/28/2026,Tue,5,Flair Airlines,0:10,7:50,No,4,40,217.0,11/10/2025,nan,-6.0,Kate
Google Flights,133,7/29/2026,Wed,5,Flair Airlines,16:50,0:25,Yes,4,35,217.0,11/10/2025,nan,-5.0,Kate
Google Flights,174,7/30/2026,Thu,5,Flair Airlines,0:10,7:50,No,4,40,217.0,11/10/2025,nan,-4.0,Kate
Google Flights,235,7/31/2026,Fri,5,Flair Airlines,16:50,0:25,Yes,4,35,217.0,11/10/2025,nan,-3.0,Kate
Google Flights,255,8/1/2026,Sat,1,Flair Airlines,0:10,7:50,No,4,40,217.0,11/10/2025,nan,-2.0,Kate
Google Flights,255,8/2/2026,Sun,1,Flair Airlines,12:50,20:30,No,4,40,217.0,11/10/2025,nan,-1.0,Kate
Google Flights,255,8/3/2026,Mon,1,Flair Airlines,0:10,7:50,No,4,40,217.0,11/10/2025,Civic Holiday,0.0,Kate
Google Flights,194,8/4/2026,Tue,1,Flair Airlines,0:10,7:50,No,4,40,217.0,11/10/2025,nan,1.0,Kate
Google Flights,174,8/5/2026,Wed,1,Flair Airlines,16:50,0:25,Yes,4,35,217.0,11/10/2025,nan,2.0,Kate
Google Flights,174,8/6/2026,Thu,1,Flair Airlines,11:15,18:55,No,4,40,217.0,11/10/2025,nan,3.0,Kate
Google Flights,174,8/7/2026,Fri,1,Flair Airlines,16:50,0:25,Yes,4,35,217.0,11/10/2025,nan,4.0,Kate
Google Flights,174,8/8/2026,Sat,1,Flair Airlines,11:15,18:55,No,4,40,217.0,11/10/2025,nan,5.0,Kate
Google Flights,174,8/9/2026,Sun,2,Flair Airlines,16:50,0:25,Yes,4,35,217.0,11/10/2025,nan,6.0,Kate
Google Flights,174,8/10/2026,Mon,2,Flair Airlines,16:50,0:25,Yes,4,35,217.0,11/10/2025,nan,7.0,Kate
Google Flights,174,8/11/2026,Tue,2,Flair Airlines,11:15,18:55,No,4,40,217.0,11/10/2025,nan,8.0,Kate
Google Flights,174,8/12/2026,Wed,2,Flair Airlines,16:50,0:25,Yes,4,35,217.0,11/10/2025,nan,9.0,Kate
Google Flights,174,8/13/2026,Thu,2,Flair Airlines,11:15,18:55,No,4,40,217.0,11/10/2025,nan,10.0,Kate
Google Flights,174,8/14/2026,Fri,2,Flair Airlines,16:50,0:25,Yes,4,35,217.0,11/10/2025,nan,,Kate
Google Flights,194,8/15/2026,Sat,2,Flair Airlines,0:10,7:50,No,4,40,217.0,11/10/2025,nan,,Kate
Google Flights,174,8/16/2026,Sun,3,Flair Airlines,16:50,0:25,Yes,4,35,217.0,11/10/2025,nan,,Kate
Google Flights,174,8/17/2026,Mon,3,Flair Airlines,16:50,0:25,Yes,4,35,217.0,11/10/2025,nan,,Kate
Google Flights,194,8/18/2026,Tue,3,Flair Airlines,0:10,7:50,No,4,40,217.0,11/10/2025,nan,,Kate
Google Flights,174,8/19/2026,Wed,3,Flair Airlines,16:50,0:25,Yes,4,35,217.0,11/10/2025,nan,,Kate
Google Flights,174,8/20/2026,Thu,3,Flair Airlines,11:15,18:55,No,4,40,217.0,11/10/2025,nan,,Kate
Google Flights,174,8/21/2026,Fri,3,Flair Airlines,16:50,0:25,Yes,4,35,217.0,11/10/2025,nan,,Kate
Google Flights,174,8/22/2026,Sat,3,Flair Airlines,11:15,18:55,No,4,40,217.0,11/10/2025,nan,,Kate
Google Flights,174,8/23/2026,Sun,4,Flair Airlines,16:50,0:25,Yes,4,35,217.0,11/10/2025,nan,,Kate
Google Flights,174,8/24/2026,Mon,4,Flair Airlines,16:50,0:25,Yes,4,35,217.0,11/10/2025,nan,,Kate
Google Flights,174,8/25/2026,Tue,4,Flair Airlines,11:15,18:55,No,4,40,217.0,11/10/2025,nan,,Kate
Google Flights,174,8/26/2026,Wed,4,Flair Airlines,16:50,0:25,Yes,4,35,217.0,11/10/2025,nan,,Kate
Google Flights,174,8/27/2026,Thu,4,Flair Airlines,11:15,18:55,No,4,40,217.0,11/10/2025,nan,,Kate
Google Flights,174,8/28/2026,Fri,4,Flair Airlines,16:50,0:25,Yes,4,35,217.0,11/10/2025,nan,-10.0,Kate
Google Flights,174,8/29/2026,Sat,4,Flair Airlines,11:15,18:55,No,4,40,217.0,11/10/2025,nan,-9.0,Kate
Google Flights,174,8/30/2026,Sun,5,Flair Airlines,16:50,0:25,Yes,4,35,217.0,11/10/2025,nan,-8.0,Kate
Google Flights,174,8/31/2026,Mon,5,Flair Airlines,16:50,0:25,Yes,4,35,217.0,11/10/2025,nan,-7.0,Kate
Google Flights,133,9/1/2026,Tue,1,Flair Airlines,12:10,7:50,No,4,40,217.0,11/09/2025,nan,-6.0,Miku
Google Flights,113,9/2/2026,Wed,1,Flair Airlines,16:50,0:25,Yes,4,35,217.0,11/9/2025,nan,-5.0,Miku
Google Flights,133,9/3/2026,Thu,1,Flair Airlines,11:15,18:55,No,4,40,217.0,11/9/2025,nan,-4.0,Miku
Google Flights,215,9/4/2026,Fri,1,Flair Airlines,12:50,20:30,No,4,40,217.0,11/9/2025,nan,-3.0,Miku
Google Flights,215,9/5/2026,Sat,1,Flair Airlines,0:10,7:50,No,4,40,217.0,11/9/2025,nan,-2.0,Miku
Google Flights,245,9/6/2026,Sun,2,Flair Airlines,12:50,20:30,No,4,40,217.0,11/9/2025,nan,-1.0,Miku
Google Flights,234,9/7/2026,Mon,2,Flair Airlines,0:10,7:50,No,4,40,217.0,11/9/2025,Labour Day,0.0,Miku
Google Flights,127,9/8/2026,Tue,2,Flair Airlines,11:15,18:55,No,4,40,217.0,11/9/2025,nan,1.0,Miku
Google Flights,127,9/9/2026,Wed,2,Flair Airlines,16:50,0:25,Yes,4,35,217.0,11/9/2025,nan,2.0,Miku
Google Flights,148,9/10/2026,Thu,2,Flair Airlines,0:10,7:50,No,4,40,217.0,11/9/2025,nan,3.0,Miku
Google Flights,127,9/11/2026,Fri,2,Flair Airlines,16:50,0:25,Yes,4,35,217.0,11/9/2025,nan,4.0,Miku
Google Flights,138,9/12/2026,Sat,2,Flair Airlines,11:15,18:55,No,4,40,217.0,11/9/2025,nan,5.0,Miku
Google Flights,127,9/13/2026,Sun,3,Flair Airlines,16:50,0:25,Yes,4,35,217.0,11/9/2025,nan,6.0,Miku
Google Flights,127,9/14/2026,Mon,3,Flair Airlines,16:50,0:25,Yes,4,35,217.0,11/9/2025,nan,7.0,Miku
Google Flights,127,9/15/2026,Tue,3,Flair Airlines,11:15,18:55,No,4,40,217.0,11/9/2025,nan,8.0,Miku
Google Flights,127,9/16/2026,Wed,3,Flair Airlines,16:50,0:25,Yes,4,35,217.0,11/9/2025,nan,9.0,Miku
Google Flights,127,9/17/2026,Thu,3,Flair Airlines,11:15,18:55,No,4,40,217.0,11/9/2025,nan,10.0,Miku
Google Flights,127,9/18/2026,Fri,3,Flair Airlines,16:50,0:25,Yes,4,35,217.0,11/9/2025,nan,,Miku
Google Flights,138,9/19/2026,Sat,3,Flair Airlines,11:15,18:55,No,4,40,217.0,11/9/2025,nan,,Miku
Google Flights,127,9/20/2026,Sun,4,Flair Airlines,16:50,0:25,Yes,4,35,217.0,11/9/2025,nan,-10.0,Miku
Google Flights,127,9/21/2026,Mon,4,Flair Airlines,17:50,1:25,Yes,4,35,217.0,11/9/2025,nan,-9.0,Miku
Google Flights,127,9/22/2026,Tue,4,Flair Airlines,11:15,18:55,No,4,40,217.0,11/9/2025,nan,-8.0,Miku
Google Flights,125,9/23/2026,Wed,4,Flair Airlines,16:50,0:25,Yes,4,35,217.0,11/9/2025,nan,-7.0,Miku
Google Flights,124,9/24/2026,Thu,4,Flair Airlines,11:15,18:55,No,4,40,217.0,11/9/2025,nan,-6.0,Miku
Google Flights,128,9/25/2026,Fri,4,Flair Airlines,16:50,0:25,Yes,4,35,217.0,11/9/2025,nan,-5.0,Miku
Google Flights,144,9/26/2026,Sat,4,Flair Airlines,11:15,18:55,No,4,40,217.0,11/9/2025,nan,-4.0,Miku
Google Flights,127,9/27/2026,Sun,5,Flair Airlines,16:50,0:25,Yes,4,35,217.0,11/9/2025,nan,-3.0,Miku
Google Flights,128,9/28/2026,Mon,5,Flair Airlines,16:50,0:25,Yes,4,35,217.0,11/9/2025,nan,-2.0,Miku
Google Flights,128,9/29/2026,Tue,5,Flair Airlines,11:15,18:55,No,4,40,217.0,11/9/2025,nan,-1.0,Miku
Google Flights,127,9/30/2026,Wed,5,Flair Airlines,16:50,0:25,Yes,4,35,217.0,11/9/2025,National Day for Truth and Reconciliation,0.0,Miku
Skyscanner,122,10/1/2026,Thu,1,Flair Airlines,0:10,7:50,No,4,40,217.0,11/9/2025,nan,1.0,Miku
Skyscanner,127,10/2/2026,Fri,1,Flair Airlines,12:50,20:30,No,4,40,217.0,11/9/2025,nan,2.0,Miku
Skyscanner,124,10/3/2026,Sat,1,Flair Airlines,0:10,7:50,No,4,40,217.0,11/9/2025,nan,3.0,Miku
Skyscanner,127,10/4/2026,Sun,2,Flair Airlines,12:50,20:30,No,4,40,217.0,11/9/2025,nan,4.0,Miku
Skyscanner,76,10/5/2026,Mon,2,Flair Airlines,23:45,7:20,Yes,4,28,217.0,11/10/2025,nan,5.0,Miku
Skyscanner,95,10/6/2026,Tue,2,Flair Airlines,23:45,7:20,Yes,4,28,217.0,11/10/2025,nan,-6.0,Miku
Skyscanner,103,10/7/2026,Wed,2,Flair Airlines,23:45,7:20,Yes,4,28,217.0,11/10/2025,nan,-5.0,Miku
Skyscanner,103,10/8/2026,Thu,2,Flair Airlines,23:45,7:20,Yes,4,28,217.0,11/10/2025,nan,-4.0,Miku
Skyscanner,210,10/9/2026,Fri,2,Flair Airlines,23:45,7:20,Yes,4,28,217.0,11/10/2025,nan,-3.0,Miku
Skyscanner,210,10/10/2026,Sat,2,Flair Airlines,23:45,7:20,Yes,4,28,217.0,11/10/2025,nan,-2.0,Miku
Skyscanner,116,10/11/2026,Sun,3,Flair Airlines,23:45,7:20,Yes,4,28,217.0,11/21/2025,nan,-1.0,Miku
Skyscanner,116,10/12/2026,Mon,3,Flair Airlines,23:45,7:20,Yes,4,28,217.0,11/21/2025,Thanksgiving Day,0.0,Miku
Skyscanner,82,10/13/2026,Tue,3,Flair Airlines,23:45,7:20,Yes,4,28,217.0,11/21/2025,nan,1.0,Miku
Skyscanner,76,10/14/2026,Wed,3,Flair Airlines,23:45,7:20,Yes,4,35,217.0,11/21/2025,nan,2.0,Miku
Skyscanner,76,10/15/2026,Thu,3,Flair Airlines,23:45,7:20,Yes,4,35,217.0,11/21/2025,nan,3.0,Miku
Skyscanner,76,10/16/2026,Fri,3,Flair Airlines,23:45,7:20,Yes,4,35,217.0,11/21/2025,nan,4.0,Miku
Skyscanner,82,10/17/2026,Sat,3,Flair Airlines,23:45,7:20,Yes,4,35,217.0,11/21/2025,nan,5.0,Miku
Skyscanner,82,10/18/2026,Sun,4,Flair Airlines,23:45,7:20,Yes,4,35,217.0,11/21/2025,nan,6.0,Miku
Skyscanner,82,10/19/2026,Mon,4,Flair Airlines,23:45,7:20,Yes,4,35,217.0,11/21/2025,nan,7.0,Miku
Skyscanner,82,10/20/2026,Tue,4,Flair Airlines,23:45,7:20,Yes,4,35,217.0,11/21/2025,nan,8.0,Miku
Skyscanner,82,10/21/2026,Wed,4,Flair Airlines,23:45,7:20,Yes,4,35,217.0,11/21/2025,nan,9.0,Miku
Skyscanner,82,10/22/2026,Thu,4,Flair Airlines,23:45,7:20,Yes,4,35,217.0,11/21/2025,nan,10.0,Miku
Skyscanner,82,10/23/2026,Fri,4,Flair Airlines,23:45,7:20,Yes,4,35,217.0,11/21/2025,nan,,Miku
Skyscanner,131,10/24/2026,Sat,4,Flair Airlines,0:10,7:50,No,4,40,217.0,11/21/2025,nan,,Miku
Skyscanner,259,10/25/2026,Sun,5,Air Canada,6:00,13:37,No,4,37,,11/21/2025,nan,,Miku
Skyscanner,251,10/26/2026,Mon,5,Porter Airlines/Air Transat,7:10,14:50,No,4,40,,11/21/2025,nan,,Miku
Skyscanner,245,10/27/2026,Tue,5,Porter Airlines/Air Transat,7:10,14:50,No,4,40,,11/21/2025,nan,,Miku
Skyscanner,259,10/28/2026,Wed,5,Air Canada,6:00,13:37,No,4,37,,11/21/2025,nan,,Miku
Skyscanner,259,10/29/2026,Thu,5,Air Canada,6:00,13:37,No,4,37,,11/21/2025,nan,,Miku
Skyscanner,245,10/30/2026,Fri,5,Porter Airlines/Air Transat,7:10,14:50,No,4,40,,11/21/2025,nan,,Miku
Skyscanner,245,10/31/2026,Sat,5,Porter Airlines/Air Transat,7:10,14:50,No,4,40,,11/21/2025,nan,,Miku
Skyscanner,252,11/1/2026,Sun,1,Porter Airlines/Air Transat,7:10,14:50,No,4,40,,11/21/2025,nan,-10.0,Miku
Skyscanner,252,11/2/2026,Mon,1,Porter Airlines/Air Transat,7:10,14:50,No,4,40,,11/21/2025,nan,-9.0,Miku
Skyscanner,252,11/3/2026,Tue,1,Porter Airlines/Air Transat,7:10,14:50,No,4,40,,11/21/2025,nan,-8.0,Miku
Skyscanner,252,11/4/2026,Wed,1,Porter Airlines/Air Transat,7:10,14:50,No,4,40,,11/21/2025,nan,-7.0,Miku
Skyscanner,252,11/5/2026,Thu,1,Porter Airlines/Air Transat,7:10,14:50,No,4,40,,11/21/2025,nan,-6.0,Miku
Skyscanner,252,11/6/2026,Fri,1,Porter Airlines/Air Transat,7:10,14:50,No,4,40,,11/21/2025,nan,-5.0,Miku
Skyscanner,262,11/7/2026,Sat,1,Porter Airlines/Air Transat,7:10,14:50,No,4,40,,11/21/2025,nan,-4.0,Miku
Skyscanner,271,11/8/2026,Sun,2,Porter Airlines/Air Transat,7:10,14:50,No,4,40,,11/21/2025,nan,-3.0,Miku
Skyscanner,252,11/9/2026,Mon,2,Porter Airlines/Air Transat,7:10,14:50,No,4,40,200.0,11/21/2025,nan,-2.0,Miku
Skyscanner,255,11/10/2026,Tue,2,Porter Airlines/Air Transat,7:10,14:50,No,4,40,,11/21/2025,nan,-1.0,Miku
